[
    {
        "packet_id": 1,
        "source_device": "Device 1",
        "source_ip": "192.168.1.1",
        "destination_device": "Device 2",
        "destination_ip": "192.168.1.2",
        "latency": 100,
        "packet_loss": 0.5
    },
    {
        "packet_id": 2,
        "source_device": "Device 2",
        "source_ip": "192.168.1.2",
        "destination_device": "Device 1",
        "destination_ip": "192.168.1.1",
        "latency": 150,
        "packet_loss": 1.0
    }
]
